{
  "gizmos-infos": {
    "is2D": true,
    "is3DIcon": false,
    "iconSize": 2,
    "gridVisible": true,
    "originAxis2D": {
      "x_visible": true,
      "y_visible": true,
      "z_visible": false
    },
    "originAxis3D": {
      "x_visible": true,
      "y_visible": false,
      "z_visible": true
    },
    "gridColor": [
      54,
      54,
      54,
      255
    ],
    "transformToolName": "position",
    "pivot": "pivot",
    "coordinate": "local",
    "toolsVisibility3d": true
  },
  "__version__": "1.0.3",
  "builder": {
    "taskOptionsMap": {},
    "__version__": "1.3.9"
  },
  "tabs": [
    "723efeb2-1a3d-4450-b758-69fb04c082e2",
    "1ee53ca4-49b1-4c6f-9885-30bc84e3c1c6",
<<<<<<< HEAD
    "964fad2c-3790-4f4d-b097-5b84c706f594"
=======
    "9d912e8d-6ea5-4ea9-ae3b-2a88e48f3efb",
    "b118a2ec-1b1c-4a18-91b7-25b35eb27c6e",
    "14d59b5c-d62a-46c6-8320-855c1a383762",
    "4593def0-463d-4558-98a2-d77d423e27d8"
>>>>>>> d67a1bd14e7509a7f85923b62f9bb894d2b7c769
  ],
  "snap-configs": {
    "position": {
      "x": 1,
      "y": 1,
      "z": 1
    },
    "rotation": 1,
    "scale": 1,
    "isPositionSnapEnabled": false,
    "isRotationSnapEnabled": false,
    "isScaleSnapEnabled": false
  },
  "rect-snap-configs": {
    "enableSnapping": true,
    "snapThreshold": 4
  },
  "float-window": {
    "position": {
      "cc": {
        "Camera": {
          "dock": false,
          "top": null,
          "bottom": 10,
          "left": null,
          "right": 10
        }
      }
    }
  },
  "camera-infos": {
    "efbebfd6-566a-411b-b563-16c0c90e0b59": {
      "position": {
        "x": 931.3242118720494,
        "y": 408.1867676090329,
        "z": 5000
      },
      "rotation": {
        "x": 0,
        "y": 0,
        "z": 0,
        "w": 1
      },
      "viewCenter": {
        "x": 0,
        "y": 0,
        "z": 0
      },
      "contentRect": {
        "x": -88.52440184595604,
        "y": -245.12151494801705,
        "width": 360,
        "height": 180
      },
      "scale": 0.7270686943395988
    },
    "63416188-ef94-4036-9afd-e8734bd3b4c9": {
      "position": {
        "x": 686.6127035765769,
        "y": 676.1959375475332,
        "z": 5000
      },
      "rotation": {
        "x": 0,
        "y": 0,
        "z": 0,
        "w": 1
      },
      "viewCenter": {
        "x": 0,
        "y": 0,
        "z": 0
      },
      "contentRect": {
        "x": 173.12917698963912,
        "y": 393.2482842137546,
        "width": 1352,
        "height": 745
      },
      "scale": 1.3164979303100321
    },
    "521e3495-7f43-42f3-83ca-bbb6eba1af23": {
      "position": {
        "x": 646.1148685492672,
        "y": 274.7999223220283,
        "z": 5000
      },
      "rotation": {
        "x": 0,
        "y": 0,
        "z": 0,
        "w": 1
      },
      "viewCenter": {
        "x": 360,
        "y": 640,
        "z": 184.06
      },
      "contentRect": {
        "x": -149.01506296721487,
        "y": -281.44731363078444,
        "width": 1388,
        "height": 971
      },
      "scale": 0.8728133258376959
    },
    "cba7011d-a26e-4bd9-b25a-06cc38d6c26e": {
      "position": {
        "x": 440.74821506310946,
        "y": 650.9385349515167,
        "z": 5000
      },
      "rotation": {
        "x": 0,
        "y": 0,
        "z": 0,
        "w": 1
      },
      "viewCenter": {
        "x": 360,
        "y": 640,
        "z": 184.06
      },
      "contentRect": {
        "x": 52.232570815503195,
        "y": 376.0644377221411,
        "width": 1377,
        "height": 971
      },
      "scale": 1.7335209275917067
    },
    "4bc57ce5-cac6-45a0-a130-260a69e40e24": {
      "position": {
        "x": 439.85059770246573,
        "y": 485.980097330637,
        "z": 5000
      },
      "rotation": {
        "x": 0,
        "y": 0,
        "z": 0,
        "w": 1
      },
      "viewCenter": {
        "x": 360,
        "y": 640,
        "z": 184.06
      },
      "contentRect": {
        "x": 42.6820437834213,
        "y": 205.9142542983987,
        "width": 1377,
        "height": 971
      },
      "scale": 1.73352092759171
    },
    "90d80fbf-2766-4731-a032-95a819fd0562": {
      "position": {
        "x": 842.280295913551,
        "y": 594.1801161596454,
        "z": 5000
      },
      "rotation": {
        "x": 0,
        "y": 0,
        "z": 0,
        "w": 1
      },
      "viewCenter": {
        "x": 360,
        "y": 640,
        "z": 184.06
      },
      "contentRect": {
        "x": -302.47658994742426,
        "y": -213.05222673868928,
        "width": 1377,
        "height": 971
      },
      "scale": 0.6014377449952415
    },
    "4236b41c-156f-43d1-a768-63c3577cfcee": {
      "position": {
        "x": 758.8984936658572,
        "y": 555.0714014120247,
        "z": 5000
      },
      "rotation": {
        "x": 0,
        "y": 0,
        "z": 0,
        "w": 1
      },
      "viewCenter": {
        "x": 360,
        "y": 640,
        "z": 184.06
      },
      "contentRect": {
        "x": 40.95649340709895,
        "y": 48.81019425788211,
        "width": 1377,
        "height": 971
      },
      "scale": 0.9589911159283802
    },
    "29b29fb9-8800-400a-83b7-86e855f2d25d": {
      "position": {
        "x": 514.2632053236073,
        "y": 540.3081433027365,
        "z": 5000
      },
      "rotation": {
        "x": 0,
        "y": 0,
        "z": 0,
        "w": 1
      },
      "viewCenter": {
        "x": 360,
        "y": 640,
        "z": 184.06
      },
      "contentRect": {
        "x": 127.12000613828643,
        "y": 267.31174068186033,
        "width": 1377,
        "height": 971
      },
      "scale": 1.7784117128980566
    },
    "d7d34ae1-e38b-4ea1-a128-be1b75d34209": {
      "position": {
        "x": 528.124684947136,
        "y": 444.1519559315584,
        "z": 5000
      },
      "rotation": {
        "x": 0,
        "y": 0,
        "z": 0,
        "w": 1
      },
      "viewCenter": {
        "x": 360,
        "y": 640,
        "z": 184.06
      },
      "contentRect": {
        "x": 141.31442205364903,
        "y": 171.39032537994197,
        "width": 1377,
        "height": 971
      },
      "scale": 1.7799424318521433
    },
    "d9a8c59c-c0e2-4d67-b447-c11d76418f6e": {
      "position": {
        "x": 455.616782780878,
        "y": 587.5134981856884,
        "z": 5000
      },
      "rotation": {
        "x": 0,
        "y": 0,
        "z": 0,
        "w": 1
      },
      "viewCenter": {
        "x": 360,
        "y": 640,
        "z": 184.06
      },
      "contentRect": {
        "x": 11.62527610835908,
        "y": 287.8771719078139,
        "width": 1341,
        "height": 905
      },
      "scale": 1.5101640232378366
    },
    "b0e61247-4e0e-4111-8cbf-8631439e28c0": {
      "position": {
        "x": 832.41329068668,
        "y": 863.1377235266049,
        "z": 5000
      },
      "rotation": {
        "x": 0,
        "y": 0,
        "z": 0,
        "w": 1
      },
      "viewCenter": {
        "x": 360,
        "y": 640,
        "z": 184.06
      },
      "contentRect": {
        "x": -277.6021238682568,
        "y": 54.3100663831122,
        "width": 1242,
        "height": 905
      },
      "scale": 0.5594516903614274
    },
<<<<<<< HEAD
    "964fad2c-3790-4f4d-b097-5b84c706f594": {
      "position": {
        "x": 660.4417614773828,
        "y": 585.5625029829698,
        "z": 5000
      },
      "rotation": {
        "x": 0,
        "y": 0,
        "z": 0,
        "w": 1
      },
      "viewCenter": {
        "x": 360,
        "y": 640,
        "z": 184.06
      },
      "contentRect": {
        "x": 36.72201981909157,
        "y": 166.52348337390842,
        "width": 1289,
        "height": 866
      },
      "scale": 1.0333166596370031
    },
    "4a70cf7e-a185-4d21-8e5c-7267b1ffa065": {
      "position": {
        "x": 644.9004655722038,
        "y": 400.9855153849673,
        "z": 5000
      },
      "rotation": {
        "x": 0,
        "y": 0,
        "z": 0,