{
  "gizmos-infos": {
    "is2D": true,
    "is3DIcon": false,
    "iconSize": 2,
    "gridVisible": true,
    "originAxis2D": {
      "x_visible": true,
      "y_visible": true,
      "z_visible": false
    },
    "originAxis3D": {
      "x_visible": true,
      "y_visible": false,
      "z_visible": true
    },
    "gridColor": [
      54,
      54,
      54,
      255
    ],
    "transformToolName": "position",
    "pivot": "pivot",
    "coordinate": "local",
    "toolsVisibility3d": true
  },
  "__version__": "1.0.3",
  "builder": {},
  "tabs": [
    "b0e61247-4e0e-4111-8cbf-8631439e28c0",
    "4a70cf7e-a185-4d21-8e5c-7267b1ffa065",
    "d5251a45-f1e3-42e9-82c5-71c56eb6a8fb",
    "964fad2c-3790-4f4d-b097-5b84c706f594",
    "d9a8c59c-c0e2-4d67-b447-c11d76418f6e",
    "cba7011d-a26e-4bd9-b25a-06cc38d6c26e",
    "4bc57ce5-cac6-45a0-a130-260a69e40e24",
    "63416188-ef94-4036-9afd-e8734bd3b4c9"
  ],
  "snap-configs": {
    "position": {
      "x": 1,
      "y": 1,
      "z": 1
    },
    "rotation": 1,
    "scale": 1,
    "isPositionSnapEnabled": false,
    "isRotationSnapEnabled": false,
    "isScaleSnapEnabled": false
  },
  "rect-snap-configs": {
    "enableSnapping": true,
    "snapThreshold": 4
  },
  "float-window": {
    "position": {
      "cc": {
        "Camera": {
          "dock": false,
          "top": null,
          "bottom": 10,
          "left": null,
          "right": 10
        }
      }
    }
  },
  "camera-infos": {
    "b0e61247-4e0e-4111-8cbf-8631439e28c0": {
      "position": {
        "x": 1202.296014657064,
        "y": 677.4203136351086,
        "z": 5000
      },
      "rotation": {
        "x": 0,
        "y": 0,
        "z": 0,
        "w": 1
      },
      "viewCenter": {
        "x": 0,
        "y": 0,
        "z": 0
      },
      "contentRect": {
        "x": 376.2287935403923,
        "y": -119.6157910844916,
        "width": 939,
        "height": 906
      },
      "scale": 0.5683556834095574
    },
    "964fad2c-3790-4f4d-b097-5b84c706f594": {
      "position": {
        "x": 818.5325238338758,
        "y": 699.4506972757357,
        "z": 5000
      },
      "rotation": {
        "x": 0,
        "y": 0,
        "z": 0,
        "w": 1
      },
      "viewCenter": {
        "x": 0,
        "y": 0,
        "z": 0
      },
      "contentRect": {
        "x": 146.16073879588882,
        "y": 50.708591584131845,
        "width": 939,
        "height": 906
      },
      "scale": 0.6982743928992718
    }
  },
  "camera-uuids": [
    "b0e61247-4e0e-4111-8cbf-8631439e28c0",
    "964fad2c-3790-4f4d-b097-5b84c706f594"
  ],
  "camera": {
    "color": [
      48,
      48,
      48,
      255
    ],
    "fov": 45,
    "far": 10000,
    "near": 0.01,
    "wheelSpeed": 0.01,
    "wanderSpeed": 10,
    "enableAcceleration": true,
    "size": "__default_design__",
    "far2D": 10000,
    "near2D": 1,
    "wheelSpeed2D": 6,
    "iso": 0,
    "aperture": 19,
    "shutter": 7
  }
}
