{
  "gizmos-infos": {
    "is2D": true,
    "is3DIcon": false,
    "iconSize": 2,
    "gridVisible": true,
    "originAxis2D": {
      "x_visible": true,
      "y_visible": true,
      "z_visible": false
    },
    "originAxis3D": {
      "x_visible": true,
      "y_visible": false,
      "z_visible": true
    },
    "gridColor": [
      54,
      54,
      54,
      255
    ],
    "transformToolName": "position",
    "pivot": "pivot",
    "coordinate": "local",
    "toolsVisibility3d": true
  },
  "__version__": "1.0.3",
  "builder": {
    "taskOptionsMap": {},
    "__version__": "1.3.9"
  },
  "tabs": [
    "1ee53ca4-49b1-4c6f-9885-30bc84e3c1c6",
    "b0e61247-4e0e-4111-8cbf-8631439e28c0",
    "4a70cf7e-a185-4d21-8e5c-7267b1ffa065",
    "d5251a45-f1e3-42e9-82c5-71c56eb6a8fb",
    "964fad2c-3790-4f4d-b097-5b84c706f594",
    "679d7d04-7dbc-4cab-98e5-68dd29fe2117"
  ],
  "snap-configs": {
    "position": {
      "x": 1,
      "y": 1,
      "z": 1
    },
    "rotation": 1,
    "scale": 1,
    "isPositionSnapEnabled": false,
    "isRotationSnapEnabled": false,
    "isScaleSnapEnabled": false
  },
  "rect-snap-configs": {
    "enableSnapping": true,
    "snapThreshold": 4
  },
  "float-window": {
    "position": {
      "cc": {
        "Camera": {
          "dock": false,
          "top": null,
          "bottom": 10,
          "left": null,
          "right": 10
        }
      }
    }
  },
  "camera-infos": {
    "efbebfd6-566a-411b-b563-16c0c90e0b59": {
      "position": {
        "x": 931.3242118720494,
        "y": 408.1867676090329,
        "z": 5000
      },
      "rotation": {
        "x": 0,
        "y": 0,
        "z": 0,
        "w": 1
      },
      "viewCenter": {
        "x": 0,
        "y": 0,
        "z": 0
      },
      "contentRect": {
        "x": -88.52440184595604,
        "y": -245.12151494801705,
        "width": 360,
        "height": 180
      },
      "scale": 0.7270686943395988
    },
    "d9a8c59c-c0e2-4d67-b447-c11d76418f6e": {
      "position": {
        "x": 750.4715310279253,
        "y": 526.1759640652676,
        "z": 5000
      },
      "rotation": {
        "x": 0,
        "y": 0,
        "z": 0,
        "w": 1
      },
      "viewCenter": {
        "x": 0,
        "y": 0,
        "z": 0
      },
      "contentRect": {
        "x": -79.0721744232502,
        "y": 69.06793110585511,
        "width": 1352,
        "height": 745
      },
      "scale": 0.814905827815708
    },
    "4bc57ce5-cac6-45a0-a130-260a69e40e24": {
      "position": {
        "x": 445.61920415009166,
        "y": 513.6694082792413,
        "z": 5000
      },
      "rotation": {
        "x": 0,
        "y": 0,
        "z": 0,
        "w": 1
      },
      "viewCenter": {
        "x": 0,
        "y": 0,
        "z": 0
      },
      "contentRect": {
        "x": 55.661408290579615,
        "y": 298.78881810517595,
        "width": 1352,
        "height": 745
      },
      "scale": 1.73352092759171
    },
    "63416188-ef94-4036-9afd-e8734bd3b4c9": {
      "position": {
        "x": 686.6127035765769,
        "y": 676.1959375475332,
        "z": 5000
      },
      "rotation": {
        "x": 0,
        "y": 0,
        "z": 0,
        "w": 1
      },
      "viewCenter": {
        "x": 0,
        "y": 0,
        "z": 0
      },
      "contentRect": {
        "x": 173.12917698963912,
        "y": 393.2482842137546,
        "width": 1352,
        "height": 745
      },
      "scale": 1.3164979303100321
    },
    "cba7011d-a26e-4bd9-b25a-06cc38d6c26e": {
      "position": {
        "x": 458.83043245977876,
        "y": 648.7463785256798,
        "z": 5000
      },
      "rotation": {
        "x": 0,
        "y": 0,
        "z": 0,
        "w": 1
      },
      "viewCenter": {
        "x": 0,
        "y": 0,
        "z": 0
      },
      "contentRect": {
        "x": 42.71820217850661,
        "y": 354.3477478960937,
        "width": 1347,
        "height": 953
      },
      "scale": 1.6185537241833674
    },
    "90d80fbf-2766-4731-a032-95a819fd0562": {
      "position": {
        "x": 592.0854767298614,
        "y": 688.8882804054643,
        "z": 5000
      },
      "rotation": {
        "x": 0,
        "y": 0,
        "z": 0,
        "w": 1
      },
      "viewCenter": {
        "x": 0,
        "y": 0,
        "z": 0
      },
      "contentRect": {
        "x": -100.59529640851022,
        "y": 198.81791900912575,
        "width": 1347,
        "height": 953
      },
      "scale": 0.9723093611340358
    },
    "964fad2c-3790-4f4d-b097-5b84c706f594": {
      "position": {
        "x": 967.7684084520018,
        "y": 407.9925851230633,
        "z": 5000
      },
      "rotation": {
        "x": 0,
        "y": 0,
        "z": 0,
        "w": 1
      },
      "viewCenter": {
        "x": 0,
        "y": 0,
        "z": 0
      },
      "contentRect": {
        "x": -160.7793052417229,
        "y": -390.45282775750064,
        "width": 1347,
        "height": 953
      },
      "scale": 0.59678469224455
    },
    "d5251a45-f1e3-42e9-82c5-71c56eb6a8fb": {
      "position": {
        "x": 2129.1210092101237,
        "y": 1426.5382969982738,
        "z": 5000
      },
      "rotation": {
        "x": 0,
        "y": 0,
        "z": 0,
        "w": 1
      },
      "viewCenter": {
        "x": 0,
        "y": 0,
        "z": 0
      },
      "contentRect": {
        "x": 832.7601069544762,
        "y": 509.3653646674409,
        "width": 1347,
        "height": 953
      },
      "scale": 0.5195312499999967
    },
    "b0e61247-4e0e-4111-8cbf-8631439e28c0": {
      "position": {
        "x": 712.0182189964272,
        "y": 902.8113768665488,
        "z": 5000
      },
      "rotation": {
        "x": 0,
        "y": 0,
        "z": 0,
        "w": 1
      },
      "viewCenter": {
        "x": 0,
        "y": 0,
        "z": 0
      },
      "contentRect": {
        "x": -83.88470873285685,
        "y": 339.7115326750063,
        "width": 1347,
        "height": 953
      },
      "scale": 0.846208722867121
    },
    "4a70cf7e-a185-4d21-8e5c-7267b1ffa065": {
      "position": {
        "x": 609.7317233053494,
        "y": 631.5764607036824,
        "z": 5000
      },
      "rotation": {
        "x": 0,
        "y": 0,
        "z": 0,
        "w": 1
      },
      "viewCenter": {
        "x": 0,
        "y": 0,
        "z": 0
      },
      "contentRect": {
        "x": -140.01094555260556,
        "y": 101.1349139912614,
        "width": 1347,
        "height": 953
      },
      "scale": 0.8983082169058197
    },
    "679d7d04-7dbc-4cab-98e5-68dd29fe2117": {
      "position": {
        "x": 712.9442936986019,
        "y": 579.2793415903406,
        "z": 5000
      },
      "rotation": {
        "x": 0,
        "y": 0,
        "z": 0,
        "w": 1
      },
      "viewCenter": {
        "x": 0,
        "y": 0,
        "z": 0
      },
      "contentRect": {
        "x": 15.611751256873882,
        "y": 85.91786204545056,
        "width": 1347,
        "height": 953
      },
      "scale": 0.9658232751360237
    }
  },
  "camera-uuids": [
    "efbebfd6-566a-411b-b563-16c0c90e0b59",
    "d9a8c59c-c0e2-4d67-b447-c11d76418f6e",
    "4bc57ce5-cac6-45a0-a130-260a69e40e24",
    "63416188-ef94-4036-9afd-e8734bd3b4c9",
    "cba7011d-a26e-4bd9-b25a-06cc38d6c26e",
    "90d80fbf-2766-4731-a032-95a819fd0562",
    "964fad2c-3790-4f4d-b097-5b84c706f594",
    "d5251a45-f1e3-42e9-82c5-71c56eb6a8fb",
    "b0e61247-4e0e-4111-8cbf-8631439e28c0",
    "4a70cf7e-a185-4d21-8e5c-7267b1ffa065",
    "679d7d04-7dbc-4cab-98e5-68dd29fe2117"
  ],
  "camera": {
    "color": [
      48,
      48,
      48,
      255
    ],
    "fov": 45,
    "far": 10000,
    "near": 0.01,
    "wheelSpeed": 0.01,
    "wanderSpeed": 10,
    "enableAcceleration": true,
    "size": "__default_design__",
    "far2D": 10000,
    "near2D": 1,
    "wheelSpeed2D": 6,
    "iso": 0,
    "aperture": 19,
    "shutter": 7
  }
}
