{
  "gizmos-infos": {
    "is2D": true,
    "is3DIcon": false,
    "iconSize": 2,
    "gridVisible": true,
    "originAxis2D": {
      "x_visible": true,
      "y_visible": true,
      "z_visible": false
    },
    "originAxis3D": {
      "x_visible": true,
      "y_visible": false,
      "z_visible": true
    },
    "gridColor": [
      54,
      54,
      54,
      255
    ],
    "transformToolName": "position",
    "pivot": "pivot",
    "coordinate": "local",
    "toolsVisibility3d": true
  },
  "__version__": "1.0.3",
  "builder": {},
  "tabs": [
    "679d7d04-7dbc-4cab-98e5-68dd29fe2117",
    "90d80fbf-2766-4731-a032-95a819fd0562",
    "b0e61247-4e0e-4111-8cbf-8631439e28c0",
    "4a70cf7e-a185-4d21-8e5c-7267b1ffa065",
    "d5251a45-f1e3-42e9-82c5-71c56eb6a8fb",
    "964fad2c-3790-4f4d-b097-5b84c706f594"
  ],
  "snap-configs": {
    "position": {
      "x": 1,
      "y": 1,
      "z": 1
    },
    "rotation": 1,
    "scale": 1,
    "isPositionSnapEnabled": false,
    "isRotationSnapEnabled": false,
    "isScaleSnapEnabled": false
  },
  "rect-snap-configs": {
    "enableSnapping": true,
    "snapThreshold": 4
  },
  "float-window": {
    "position": {
      "cc": {
        "Camera": {
          "dock": false,
          "top": null,
          "bottom": 10,
          "left": null,
          "right": 10
        }
      }
    }
  },
  "camera-infos": {
    "efbebfd6-566a-411b-b563-16c0c90e0b59": {
      "position": {
        "x": 931.3242118720494,
        "y": 408.1867676090329,
        "z": 5000
      },
      "rotation": {
        "x": 0,
        "y": 0,
        "z": 0,
        "w": 1
      },
      "viewCenter": {
        "x": 0,
        "y": 0,
        "z": 0
      },
      "contentRect": {
        "x": -88.52440184595604,
        "y": -245.12151494801705,
        "width": 360,
        "height": 180
      },
      "scale": 0.7270686943395988
    },
    "d9a8c59c-c0e2-4d67-b447-c11d76418f6e": {
      "position": {
        "x": 750.4715310279253,
        "y": 526.1759640652676,
        "z": 5000
      },
      "rotation": {
        "x": 0,
        "y": 0,
        "z": 0,
        "w": 1
      },
      "viewCenter": {
        "x": 0,
        "y": 0,
        "z": 0
      },
      "contentRect": {
        "x": -79.0721744232502,
        "y": 69.06793110585511,
        "width": 1352,
        "height": 745
      },
      "scale": 0.814905827815708
    },
    "cba7011d-a26e-4bd9-b25a-06cc38d6c26e": {
      "position": {
        "x": 681.6469152575387,
        "y": 542.688848366463,
        "z": 5000
      },
      "rotation": {
        "x": 0,
        "y": 0,
        "z": 0,
        "w": 1
      },
      "viewCenter": {
        "x": 0,
        "y": 0,
        "z": 0
      },
      "contentRect": {
        "x": 51.22486656420897,
        "y": 195.3039176885557,
        "width": 1352,
        "height": 745
      },
      "scale": 1.0722975210038088
    },
    "4bc57ce5-cac6-45a0-a130-260a69e40e24": {
      "position": {
        "x": 445.61920415009166,
        "y": 513.6694082792413,
        "z": 5000
      },
      "rotation": {
        "x": 0,
        "y": 0,
        "z": 0,
        "w": 1
      },
      "viewCenter": {
        "x": 0,
        "y": 0,
        "z": 0
      },
      "contentRect": {
        "x": 55.661408290579615,
        "y": 298.78881810517595,
        "width": 1352,
        "height": 745
      },
      "scale": 1.73352092759171
    },
    "63416188-ef94-4036-9afd-e8734bd3b4c9": {
      "position": {
        "x": 686.6127035765769,
        "y": 676.1959375475332,
        "z": 5000
      },
      "rotation": {
        "x": 0,
        "y": 0,
        "z": 0,
        "w": 1
      },
      "viewCenter": {
        "x": 0,
        "y": 0,
        "z": 0
      },
      "contentRect": {
        "x": 173.12917698963912,
        "y": 393.2482842137546,
        "width": 1352,
        "height": 745
      },
      "scale": 1.3164979303100321
    },
    "d5251a45-f1e3-42e9-82c5-71c56eb6a8fb": {
      "position": {
        "x": 869.3743545812263,
        "y": 635.9403837559543,
        "z": 5000
      },
      "rotation": {
        "x": 0,
        "y": 0,
        "z": 0,
        "w": 1
      },
      "viewCenter": {
        "x": 0,
        "y": 0,
        "z": 0
      },
      "contentRect": {
        "x": -119.468186582013,
        "y": 91.05303673922843,
        "width": 1352,
        "height": 745
      },
      "scale": 0.6836275462064745
    },
    "964fad2c-3790-4f4d-b097-5b84c706f594": {
      "position": {
        "x": 1025.0398519631408,
        "y": 623.6229607672701,
        "z": 5000
      },
      "rotation": {
        "x": 0,
        "y": 0,
        "z": 0,
        "w": 1
      },
      "viewCenter": {
        "x": 0,
        "y": 0,
        "z": 0
      },
      "contentRect": {
        "x": -274.3305213961096,
        "y": -92.37624644622218,
        "width": 1352,
        "height": 745
      },
      "scale": 0.5202519726937773
    },
    "4a70cf7e-a185-4d21-8e5c-7267b1ffa065": {
      "position": {
        "x": 795.352359456873,
        "y": 845.4026432263805,
        "z": 5000
      },
      "rotation": {
        "x": 0,
        "y": 0,
        "z": 0,
        "w": 1
      },
      "viewCenter": {
        "x": 0,
        "y": 0,
        "z": 0
      },
      "contentRect": {
        "x": -128.5502685134025,
        "y": 336.29949393802605,
        "width": 1352,
        "height": 745
      },
      "scale": 0.7316788366379111
    },
    "b0e61247-4e0e-4111-8cbf-8631439e28c0": {
      "position": {
        "x": 759.1713273205689,
        "y": 851.4111848766117,
        "z": 5000
      },
      "rotation": {
        "x": 0,
        "y": 0,
        "z": 0,
        "w": 1
      },
      "viewCenter": {
        "x": 0,
        "y": 0,
        "z": 0
      },
      "contentRect": {
        "x": -39.13242045067757,
        "y": 411.5174777097635,
        "width": 1352,
        "height": 745
      },
      "scale": 0.8467954733862872
    }
  },
  "camera-uuids": [
    "efbebfd6-566a-411b-b563-16c0c90e0b59",
    "d9a8c59c-c0e2-4d67-b447-c11d76418f6e",
    "cba7011d-a26e-4bd9-b25a-06cc38d6c26e",
    "4bc57ce5-cac6-45a0-a130-260a69e40e24",
    "63416188-ef94-4036-9afd-e8734bd3b4c9",
    "d5251a45-f1e3-42e9-82c5-71c56eb6a8fb",
    "964fad2c-3790-4f4d-b097-5b84c706f594",
    "4a70cf7e-a185-4d21-8e5c-7267b1ffa065",
    "b0e61247-4e0e-4111-8cbf-8631439e28c0"
  ],
  "camera": {
    "color": [
      48,
      48,
      48,
      255
    ],
    "fov": 45,
    "far": 10000,
    "near": 0.01,
    "wheelSpeed": 0.01,
    "wanderSpeed": 10,
    "enableAcceleration": true,
    "size": "__default_design__",
    "far2D": 10000,
    "near2D": 1,
    "wheelSpeed2D": 6,
    "iso": 0,
    "aperture": 19,
    "shutter": 7
  }
}
