{
  "gizmos-infos": {
    "is2D": true,
    "is3DIcon": false,
    "iconSize": 2,
    "gridVisible": true,
    "originAxis2D": {
      "x_visible": true,
      "y_visible": true,
      "z_visible": false
    },
    "originAxis3D": {
      "x_visible": true,
      "y_visible": false,
      "z_visible": true
    },
    "gridColor": [
      54,
      54,
      54,
      255
    ],
    "transformToolName": "position",
    "pivot": "pivot",
    "coordinate": "local",
    "toolsVisibility3d": true
  },
  "__version__": "1.0.3",
  "builder": {},
  "tabs": [
    "b0e61247-4e0e-4111-8cbf-8631439e28c0",
    "4a70cf7e-a185-4d21-8e5c-7267b1ffa065",
    "964fad2c-3790-4f4d-b097-5b84c706f594",
    "d9a8c59c-c0e2-4d67-b447-c11d76418f6e",
    "cba7011d-a26e-4bd9-b25a-06cc38d6c26e",
    "4bc57ce5-cac6-45a0-a130-260a69e40e24",
    "63416188-ef94-4036-9afd-e8734bd3b4c9",
    "d5251a45-f1e3-42e9-82c5-71c56eb6a8fb"
  ],
  "snap-configs": {
    "position": {
      "x": 1,
      "y": 1,
      "z": 1
    },
    "rotation": 1,
    "scale": 1,
    "isPositionSnapEnabled": false,
    "isRotationSnapEnabled": false,
    "isScaleSnapEnabled": false
  },
  "rect-snap-configs": {
    "enableSnapping": true,
    "snapThreshold": 4
  },
  "float-window": {
    "position": {
      "cc": {
        "Camera": {
          "dock": false,
          "top": null,
          "bottom": 10,
          "left": null,
          "right": 10
        }
      }
    }
  },
  "camera-infos": {
    "efbebfd6-566a-411b-b563-16c0c90e0b59": {
      "position": {
        "x": 931.3242118720494,
        "y": 408.1867676090329,
        "z": 5000
      },
      "rotation": {
        "x": 0,
        "y": 0,
        "z": 0,
        "w": 1
      },
      "viewCenter": {
        "x": 0,
        "y": 0,
        "z": 0
      },
      "contentRect": {
        "x": -88.52440184595604,
        "y": -245.12151494801705,
        "width": 360,
        "height": 180
      },
      "scale": 0.7270686943395988
    },
    "4bc57ce5-cac6-45a0-a130-260a69e40e24": {
      "position": {
        "x": 491.61129213780185,
        "y": 544.6073581400416,
        "z": 5000
      },
      "rotation": {
        "x": 0,
        "y": 0,
        "z": 0,
        "w": 1
      },
      "viewCenter": {
        "x": 814.9626594981833,
        "y": -213.7966464998176,
        "z": -1321.6755042250275
      },
      "contentRect": {
        "x": 32.707849647483634,
        "y": 230.28993177680994,
        "width": 1387,
        "height": 950
      },
      "scale": 1.5112111520380045
    },
    "cba7011d-a26e-4bd9-b25a-06cc38d6c26e": {
      "position": {
        "x": 712.9588049351294,
        "y": 452.5168777833732,
        "z": 5000
      },
      "rotation": {
        "x": 0,
        "y": 0,
        "z": 0,
        "w": 1
      },
      "viewCenter": {
        "x": 814.9626594981833,
        "y": -213.7966464998176,
        "z": -1321.6755042250275
      },
      "contentRect": {
        "x": -138.0597745476964,
        "y": -130.37256021856223,
        "width": 1387,
        "height": 950
      },
      "scale": 0.814905827815708
    },
    "d9a8c59c-c0e2-4d67-b447-c11d76418f6e": {
      "position": {
        "x": 747.747246270105,
        "y": 394.27194479451066,
        "z": 5000
      },
      "rotation": {
        "x": 0,
        "y": 0,
        "z": 0,
        "w": 1
      },
      "viewCenter": {
        "x": 814.9626594981833,
        "y": -213.7966464998176,
        "z": -1321.6755042250275
      },
      "contentRect": {
        "x": -228.4621440016172,
        "y": -274.36462388475115,
        "width": 1387,
        "height": 950
      },
      "scale": 0.7104008698451142
    },
    "63416188-ef94-4036-9afd-e8734bd3b4c9": {
      "position": {
        "x": 702.1043318217622,
        "y": 477.0830186488353,
        "z": 5000
      },
      "rotation": {
        "x": 0,
        "y": 0,
        "z": 0,
        "w": 1
      },
      "viewCenter": {
        "x": 360,
        "y": 640,
        "z": 0
      },
      "contentRect": {
        "x": 8.94326251972774,
        "y": 2.3151629625103736,
        "width": 1387,
        "height": 950
      },
      "scale": 1.0004889638396843
    },
    "b0e61247-4e0e-4111-8cbf-8631439e28c0": {
      "position": {
        "x": 773.5812618871267,
        "y": 463.01967300725835,
        "z": 5000
      },
      "rotation": {
        "x": 0,
        "y": 0,
        "z": 0,
        "w": 1
      },
      "viewCenter": {
        "x": 0,
        "y": 0,
        "z": 0
      },
      "contentRect": {
        "x": -213.007794100817,
        "y": -226.14179992549646,
        "width": 1360,
        "height": 950
      },
      "scale": 0.6892434047112618
    },
    "964fad2c-3790-4f4d-b097-5b84c706f594": {
      "position": {
        "x": 760.3488971990731,
        "y": 489.5809997906373,
        "z": 5000
      },
      "rotation": {
        "x": 0,
        "y": 0,
        "z": 0,
        "w": 1
      },
      "viewCenter": {
        "x": 0,
        "y": 0,
        "z": 0
      },
      "contentRect": {
        "x": -252.68703850018503,
        "y": -204.27923014036136,
        "width": 1387,
        "height": 950
      },
      "scale": 0.6845759124243749
    },
    "d5251a45-f1e3-42e9-82c5-71c56eb6a8fb": {
      "position": {
        "x": 952.7256486059861,
        "y": 341.7797411380976,
        "z": 5000
      },
      "rotation": {
        "x": 0,
        "y": 0,
        "z": 0,
        "w": 1
      },
      "viewCenter": {
        "x": 0,
        "y": 0,
        "z": 0
      },
      "contentRect": {
        "x": -476.94749595129696,
        "y": -637.4484400655209,
        "width": 1387,
        "height": 950
      },
      "scale": 0.4850759088817824
    },
    "4a70cf7e-a185-4d21-8e5c-7267b1ffa065": {
      "position": {
        "x": 910.2169881539367,
        "y": 594.4925575510266,
        "z": 5000
      },
      "rotation": {
        "x": 0,
        "y": 0,
        "z": 0,
        "w": 1
      },
      "viewCenter": {
        "x": 0,
        "y": 0,
        "z": 0
      },
      "contentRect": {
        "x": -689.4955878732069,
        "y": -529.5658353674545,
        "width": 1352,
        "height": 950
      },
      "scale": 0.4225759115295783
    }
  },
  "camera-uuids": [
    "efbebfd6-566a-411b-b563-16c0c90e0b59",
    "4bc57ce5-cac6-45a0-a130-260a69e40e24",
    "cba7011d-a26e-4bd9-b25a-06cc38d6c26e",
    "d9a8c59c-c0e2-4d67-b447-c11d76418f6e",
    "63416188-ef94-4036-9afd-e8734bd3b4c9",
    "b0e61247-4e0e-4111-8cbf-8631439e28c0",
    "964fad2c-3790-4f4d-b097-5b84c706f594",
    "d5251a45-f1e3-42e9-82c5-71c56eb6a8fb",
    "4a70cf7e-a185-4d21-8e5c-7267b1ffa065"
  ],
  "camera": {
    "color": [
      48,
      48,
      48,
      255
    ],
    "fov": 45,
    "far": 10000,
    "near": 0.01,
    "wheelSpeed": 0.01,
    "wanderSpeed": 10,
    "enableAcceleration": true,
    "size": "__default_design__",
    "far2D": 10000,
    "near2D": 1,
    "wheelSpeed2D": 6,
    "iso": 0,
    "aperture": 19,
    "shutter": 7
  }
}
